id,title,genre_0,genre_1,genre_2,genre_3,genre_4,genre_5,genre_6,year_norm,rating_norm,duration_norm
0,Movie_0,0.1,0.42,0.21,0.05,0.04,0.16,0.03,0.49,0.89,0.12
1,Movie_1,0.07,0.14,0.08,0.0,0.32,0.32,0.05,0.03,0.59,0.6
2,Movie_2,0.1,0.42,0.21,0.01,0.04,0.04,0.19,0.64,0.53,0.18
3,Movie_3,0.19,0.02,0.0,0.56,0.03,0.11,0.08,0.32,0.27,0.02
4,Movie_4,0.3,0.08,0.26,0.19,0.02,0.13,0.02,0.37,0.62,0.03
5,Movie_5,0.01,0.31,0.11,0.03,0.14,0.15,0.25,0.17,0.09,0.71
6,Movie_6,0.25,0.19,0.05,0.07,0.17,0.12,0.16,0.71,0.02,0.89
7,Movie_7,0.31,0.23,0.07,0.17,0.18,0.03,0.01,0.73,0.36,0.08
8,Movie_8,0.08,0.25,0.02,0.03,0.3,0.02,0.3,0.35,0.78,0.83
9,Movie_9,0.03,0.11,0.34,0.03,0.07,0.4,0.03,0.63,0.66,0.88
10,Movie_10,0.04,0.23,0.37,0.12,0.02,0.19,0.02,0.36,0.97,0.51
11,Movie_11,0.01,0.08,0.46,0.31,0.09,0.02,0.03,0.96,0.76,0.52
12,Movie_12,0.12,0.11,0.11,0.02,0.25,0.15,0.23,0.97,0.28,0.44
13,Movie_13,0.22,0.03,0.33,0.21,0.0,0.02,0.19,0.97,0.09,0.67
14,Movie_14,0.41,0.11,0.2,0.16,0.05,0.07,0.0,0.29,0.72,0.84
15,Movie_15,0.02,0.1,0.14,0.02,0.16,0.12,0.44,0.76,0.68,0.23
16,Movie_16,0.19,0.07,0.09,0.01,0.32,0.23,0.08,0.31,0.8,0.76
17,Movie_17,0.08,0.24,0.13,0.23,0.12,0.08,0.12,0.55,0.67,0.74
18,Movie_18,0.32,0.3,0.06,0.07,0.11,0.08,0.07,0.33,0.58,0.12
19,Movie_19,0.12,0.02,0.0,0.03,0.5,0.22,0.11,0.16,0.43,0.81
20,Movie_20,0.01,0.49,0.16,0.24,0.06,0.03,0.02,0.47,0.94,0.39
21,Movie_21,0.17,0.02,0.1,0.15,0.09,0.18,0.29,1.0,0.33,0.52
22,Movie_22,0.03,0.05,0.05,0.13,0.3,0.22,0.22,0.48,0.54,0.64
23,Movie_23,0.24,0.03,0.03,0.03,0.38,0.1,0.19,0.93,0.22,0.21
24,Movie_24,0.54,0.05,0.01,0.07,0.11,0.17,0.05,0.17,0.62,0.17
25,Movie_25,0.24,0.16,0.25,0.04,0.05,0.17,0.09,0.84,0.24,0.77
26,Movie_26,0.41,0.18,0.02,0.02,0.05,0.2,0.12,0.24,0.92,0.84
27,Movie_27,0.03,0.0,0.09,0.33,0.1,0.37,0.08,0.16,0.95,0.23
28,Movie_28,0.53,0.08,0.2,0.04,0.01,0.14,0.01,0.76,0.98,0.08
29,Movie_29,0.23,0.37,0.06,0.05,0.13,0.16,0.01,0.71,0.39,0.23
30,Movie_30,0.25,0.05,0.02,0.1,0.14,0.13,0.32,0.37,0.69,0.31
31,Movie_31,0.11,0.07,0.1,0.13,0.29,0.07,0.24,0.09,0.54,0.63
32,Movie_32,0.12,0.24,0.06,0.02,0.01,0.1,0.44,0.15,0.35,0.53
33,Movie_33,0.05,0.07,0.22,0.07,0.29,0.0,0.3,0.83,0.19,0.11
34,Movie_34,0.04,0.45,0.17,0.19,0.07,0.04,0.04,0.44,0.47,0.28
35,Movie_35,0.38,0.1,0.0,0.17,0.18,0.16,0.02,0.77,0.95,0.31
36,Movie_36,0.04,0.3,0.18,0.23,0.02,0.17,0.06,0.15,0.1,0.75
37,Movie_37,0.07,0.03,0.03,0.07,0.36,0.24,0.2,0.28,0.69,0.79
38,Movie_38,0.07,0.04,0.13,0.27,0.09,0.01,0.39,0.4,0.25,0.59
39,Movie_39,0.1,0.02,0.27,0.07,0.02,0.46,0.06,0.28,0.9,0.63
40,Movie_40,0.09,0.23,0.01,0.11,0.4,0.16,0.01,0.57,0.66,0.59
41,Movie_41,0.03,0.31,0.12,0.09,0.0,0.37,0.08,0.28,0.9,0.98
42,Movie_42,0.09,0.2,0.15,0.21,0.02,0.11,0.22,0.69,0.07,0.91
43,Movie_43,0.16,0.06,0.08,0.07,0.22,0.37,0.04,0.4,0.55,0.6
44,Movie_44,0.01,0.02,0.08,0.11,0.39,0.36,0.03,0.69,0.3,0.79
45,Movie_45,0.12,0.19,0.33,0.09,0.07,0.1,0.11,0.93,0.05,0.4
46,Movie_46,0.08,0.48,0.09,0.09,0.07,0.04,0.16,0.17,0.03,0.19
47,Movie_47,0.03,0.25,0.24,0.01,0.1,0.22,0.15,0.56,0.96,0.61
48,Movie_48,0.05,0.04,0.01,0.01,0.6,0.11,0.18,0.41,0.17,0.94
49,Movie_49,0.0,0.02,0.1,0.36,0.07,0.04,0.4,0.13,0.34,0.98
50,Movie_50,0.25,0.42,0.01,0.07,0.03,0.18,0.05,0.92,0.11,0.79
51,Movie_51,0.05,0.34,0.13,0.01,0.1,0.14,0.23,0.8,0.8,0.38
52,Movie_52,0.06,0.0,0.16,0.31,0.04,0.18,0.24,0.0,0.34,0.03
53,Movie_53,0.54,0.01,0.18,0.13,0.03,0.1,0.0,0.24,0.75,0.57
54,Movie_54,0.01,0.01,0.17,0.25,0.1,0.24,0.22,0.35,0.79,0.04
55,Movie_55,0.07,0.11,0.14,0.12,0.0,0.26,0.3,0.29,0.65,0.6
56,Movie_56,0.03,0.06,0.13,0.01,0.19,0.13,0.46,0.13,0.42,0.39
57,Movie_57,0.12,0.06,0.04,0.41,0.23,0.1,0.05,0.81,0.6,0.77
58,Movie_58,0.16,0.39,0.23,0.03,0.11,0.07,0.01,0.95,0.18,0.76
59,Movie_59,0.22,0.58,0.01,0.03,0.11,0.0,0.06,0.51,0.27,0.12
60,Movie_60,0.36,0.04,0.18,0.18,0.04,0.18,0.03,0.37,0.88,0.71
61,Movie_61,0.18,0.45,0.06,0.01,0.01,0.18,0.11,0.64,0.78,0.96
62,Movie_62,0.0,0.13,0.46,0.1,0.12,0.07,0.11,0.77,0.61,0.41
63,Movie_63,0.04,0.02,0.49,0.11,0.06,0.05,0.24,0.53,0.41,0.43
64,Movie_64,0.04,0.16,0.02,0.06,0.19,0.22,0.31,0.47,0.96,0.48
65,Movie_65,0.18,0.34,0.15,0.03,0.19,0.1,0.02,0.27,0.39,0.59
66,Movie_66,0.08,0.08,0.17,0.29,0.19,0.16,0.04,0.81,0.76,0.36
67,Movie_67,0.02,0.04,0.21,0.05,0.24,0.18,0.26,0.91,0.28,0.12
68,Movie_68,0.05,0.17,0.1,0.04,0.09,0.35,0.21,0.65,0.22,0.37
69,Movie_69,0.02,0.05,0.01,0.07,0.07,0.69,0.09,0.24,0.5,0.16
70,Movie_70,0.06,0.03,0.07,0.36,0.18,0.0,0.3,0.79,0.99,0.39
71,Movie_71,0.03,0.04,0.03,0.4,0.22,0.16,0.11,0.96,0.77,0.01
72,Movie_72,0.05,0.4,0.05,0.03,0.14,0.26,0.07,0.05,0.26,0.16
73,Movie_73,0.13,0.05,0.15,0.26,0.31,0.09,0.01,0.41,0.76,0.8
74,Movie_74,0.11,0.18,0.0,0.01,0.68,0.0,0.01,0.8,0.04,0.11
75,Movie_75,0.09,0.03,0.06,0.06,0.38,0.16,0.21,0.47,0.2,0.8
76,Movie_76,0.2,0.01,0.2,0.02,0.3,0.06,0.21,0.24,0.62,0.13
77,Movie_77,0.04,0.04,0.51,0.27,0.05,0.07,0.01,0.31,0.74,0.56
78,Movie_78,0.08,0.52,0.0,0.17,0.04,0.05,0.15,0.61,0.29,0.11
79,Movie_79,0.05,0.29,0.12,0.22,0.08,0.09,0.14,0.28,0.04,0.17
80,Movie_80,0.23,0.08,0.37,0.07,0.04,0.18,0.04,0.31,0.99,0.19
81,Movie_81,0.36,0.08,0.11,0.03,0.07,0.31,0.03,0.23,0.93,0.42
82,Movie_82,0.0,0.16,0.29,0.01,0.49,0.02,0.03,0.8,0.9,0.42
83,Movie_83,0.25,0.03,0.17,0.09,0.33,0.1,0.02,0.96,0.79,0.07
84,Movie_84,0.07,0.38,0.06,0.02,0.3,0.11,0.07,0.07,0.6,0.84
85,Movie_85,0.32,0.2,0.05,0.02,0.09,0.12,0.2,0.17,0.33,0.19
86,Movie_86,0.12,0.05,0.22,0.26,0.19,0.17,0.0,0.59,0.09,0.3
87,Movie_87,0.09,0.08,0.02,0.12,0.06,0.43,0.19,0.35,0.97,0.45
88,Movie_88,0.17,0.12,0.07,0.09,0.33,0.13,0.09,0.37,0.53,0.62
89,Movie_89,0.06,0.11,0.03,0.11,0.03,0.15,0.52,0.61,0.53,0.31
90,Movie_90,0.04,0.36,0.06,0.07,0.02,0.12,0.33,0.95,0.93,0.44
91,Movie_91,0.06,0.04,0.11,0.27,0.11,0.2,0.22,0.77,0.89,0.91
92,Movie_92,0.28,0.37,0.2,0.09,0.03,0.01,0.01,0.21,0.36,0.44
93,Movie_93,0.18,0.3,0.02,0.12,0.19,0.04,0.15,0.07,0.49,0.49
94,Movie_94,0.23,0.15,0.19,0.12,0.03,0.03,0.24,0.35,0.76,0.76
95,Movie_95,0.25,0.01,0.15,0.02,0.25,0.03,0.29,0.27,0.21,0.58
96,Movie_96,0.47,0.03,0.27,0.06,0.03,0.04,0.1,0.72,0.06,0.44
97,Movie_97,0.34,0.06,0.08,0.3,0.07,0.14,0.01,0.72,0.47,0.23
98,Movie_98,0.2,0.2,0.19,0.08,0.14,0.1,0.09,1.0,0.93,0.52
99,Movie_99,0.18,0.05,0.15,0.13,0.16,0.03,0.3,0.41,0.96,0.04
100,Movie_100,0.15,0.32,0.18,0.04,0.15,0.02,0.15,0.49,0.45,0.24
101,Movie_101,0.01,0.36,0.16,0.16,0.23,0.01,0.07,0.68,0.82,0.82
102,Movie_102,0.2,0.08,0.04,0.03,0.49,0.15,0.01,0.84,0.97,0.76
103,Movie_103,0.15,0.08,0.13,0.09,0.02,0.25,0.28,0.72,0.81,0.26
104,Movie_104,0.36,0.01,0.02,0.08,0.1,0.42,0.02,0.75,0.98,0.94
105,Movie_105,0.03,0.34,0.07,0.24,0.19,0.01,0.12,0.73,0.98,0.64
106,Movie_106,0.08,0.01,0.46,0.12,0.13,0.04,0.14,0.0,0.39,0.54
107,Movie_107,0.05,0.02,0.13,0.04,0.01,0.24,0.52,0.43,0.06,0.04
108,Movie_108,0.03,0.72,0.16,0.02,0.01,0.0,0.06,0.71,0.39,0.95
109,Movie_109,0.17,0.02,0.1,0.0,0.5,0.07,0.14,0.45,0.72,0.2
110,Movie_110,0.26,0.02,0.02,0.2,0.04,0.4,0.07,0.11,0.75,0.73
111,Movie_111,0.15,0.25,0.06,0.16,0.15,0.13,0.1,0.79,0.54,0.17
112,Movie_112,0.16,0.11,0.04,0.17,0.06,0.42,0.03,0.11,0.42,0.97
113,Movie_113,0.21,0.25,0.28,0.17,0.02,0.04,0.03,0.24,0.98,0.44
114,Movie_114,0.02,0.29,0.02,0.49,0.11,0.03,0.04,0.2,0.62,0.74
115,Movie_115,0.06,0.08,0.01,0.31,0.03,0.46,0.05,0.35,0.53,0.28
116,Movie_116,0.32,0.01,0.12,0.01,0.42,0.11,0.01,0.59,0.78,0.44
117,Movie_117,0.2,0.18,0.08,0.31,0.05,0.06,0.12,0.45,0.7,0.61
118,Movie_118,0.36,0.12,0.02,0.07,0.19,0.2,0.04,0.84,0.91,0.77
119,Movie_119,0.16,0.03,0.18,0.05,0.1,0.24,0.24,0.49,0.34,0.03
120,Movie_120,0.05,0.06,0.22,0.07,0.34,0.03,0.24,0.37,0.79,0.81
121,Movie_121,0.04,0.11,0.11,0.05,0.24,0.35,0.11,0.95,0.15,0.98
122,Movie_122,0.18,0.03,0.15,0.11,0.24,0.1,0.19,0.23,0.67,0.16
123,Movie_123,0.04,0.04,0.05,0.06,0.25,0.1,0.47,0.52,0.97,0.16
124,Movie_124,0.14,0.24,0.26,0.01,0.02,0.08,0.25,0.99,0.08,0.11
125,Movie_125,0.02,0.05,0.68,0.19,0.02,0.03,0.02,0.05,0.72,0.89
126,Movie_126,0.03,0.3,0.16,0.08,0.03,0.37,0.03,0.05,0.51,0.38
127,Movie_127,0.07,0.43,0.02,0.18,0.26,0.0,0.03,0.92,0.57,0.9
128,Movie_128,0.04,0.23,0.11,0.41,0.05,0.04,0.11,0.0,0.88,0.28
129,Movie_129,0.08,0.27,0.04,0.42,0.06,0.02,0.12,0.12,0.66,0.18
130,Movie_130,0.22,0.1,0.08,0.02,0.15,0.42,0.02,0.29,0.84,0.69
131,Movie_131,0.14,0.11,0.14,0.17,0.15,0.26,0.05,0.09,0.74,0.2
132,Movie_132,0.08,0.0,0.25,0.31,0.21,0.15,0.0,0.44,0.98,0.0
133,Movie_133,0.13,0.22,0.09,0.06,0.1,0.37,0.03,0.65,0.76,0.81
134,Movie_134,0.21,0.24,0.07,0.08,0.29,0.04,0.07,0.97,0.42,0.06
135,Movie_135,0.12,0.0,0.27,0.21,0.18,0.19,0.02,0.03,0.14,0.02
136,Movie_136,0.05,0.02,0.14,0.01,0.21,0.43,0.13,0.6,0.65,0.73
137,Movie_137,0.1,0.25,0.03,0.23,0.16,0.09,0.15,0.95,0.9,0.59
138,Movie_138,0.03,0.0,0.46,0.27,0.18,0.03,0.03,0.01,0.85,0.11
139,Movie_139,0.16,0.19,0.19,0.02,0.05,0.38,0.02,0.77,0.33,0.95
140,Movie_140,0.07,0.24,0.35,0.12,0.07,0.13,0.03,0.05,0.83,0.29
141,Movie_141,0.14,0.06,0.04,0.37,0.23,0.08,0.08,0.52,0.8,0.16
142,Movie_142,0.19,0.09,0.01,0.02,0.05,0.15,0.49,0.24,0.16,0.83
143,Movie_143,0.17,0.01,0.04,0.3,0.12,0.26,0.1,0.19,0.61,0.61
144,Movie_144,0.12,0.17,0.2,0.04,0.33,0.05,0.08,0.85,0.2,0.24
145,Movie_145,0.11,0.08,0.11,0.43,0.08,0.11,0.08,0.88,0.68,0.92
146,Movie_146,0.04,0.2,0.32,0.07,0.06,0.28,0.04,1.0,0.6,0.29
147,Movie_147,0.09,0.45,0.13,0.06,0.13,0.0,0.13,0.11,0.27,0.85
148,Movie_148,0.43,0.07,0.35,0.01,0.03,0.06,0.04,0.16,0.82,0.18
149,Movie_149,0.1,0.25,0.19,0.07,0.11,0.24,0.05,0.19,0.51,0.51
150,Movie_150,0.03,0.0,0.27,0.08,0.3,0.21,0.11,0.11,0.21,0.71
151,Movie_151,0.02,0.07,0.0,0.13,0.2,0.34,0.23,0.64,0.98,0.14
152,Movie_152,0.0,0.16,0.08,0.2,0.12,0.0,0.43,0.41,0.15,0.89
153,Movie_153,0.01,0.23,0.38,0.09,0.23,0.0,0.06,0.72,0.46,0.22
154,Movie_154,0.04,0.12,0.04,0.24,0.08,0.46,0.03,0.95,0.55,0.35
155,Movie_155,0.05,0.16,0.08,0.37,0.11,0.11,0.11,0.56,0.04,0.84
156,Movie_156,0.02,0.11,0.01,0.01,0.13,0.07,0.63,0.16,0.78,0.22
157,Movie_157,0.03,0.24,0.06,0.17,0.22,0.13,0.15,0.11,0.56,0.91
158,Movie_158,0.08,0.02,0.08,0.13,0.16,0.51,0.01,0.05,0.76,0.63
159,Movie_159,0.53,0.05,0.0,0.05,0.27,0.03,0.07,0.08,0.16,0.37
160,Movie_160,0.34,0.26,0.02,0.09,0.16,0.1,0.02,0.59,0.74,0.66
161,Movie_161,0.29,0.01,0.15,0.31,0.11,0.04,0.1,0.57,0.3,0.61
162,Movie_162,0.19,0.06,0.41,0.04,0.08,0.04,0.17,0.81,0.79,0.14
163,Movie_163,0.07,0.25,0.09,0.4,0.07,0.02,0.09,0.68,0.53,0.53
164,Movie_164,0.07,0.4,0.16,0.02,0.31,0.01,0.02,0.64,0.64,0.02
165,Movie_165,0.12,0.08,0.13,0.04,0.5,0.08,0.05,0.29,0.57,0.92
166,Movie_166,0.31,0.23,0.0,0.26,0.01,0.07,0.12,0.11,0.02,0.47
167,Movie_167,0.09,0.04,0.07,0.13,0.4,0.06,0.21,0.24,0.11,0.95
168,Movie_168,0.08,0.19,0.14,0.03,0.03,0.38,0.14,0.56,0.95,0.9
169,Movie_169,0.16,0.04,0.22,0.17,0.02,0.25,0.13,0.24,0.41,0.18
170,Movie_170,0.29,0.03,0.13,0.02,0.26,0.23,0.04,0.89,0.27,0.77
171,Movie_171,0.12,0.27,0.0,0.02,0.09,0.45,0.05,0.96,0.62,0.73
172,Movie_172,0.26,0.01,0.26,0.07,0.08,0.25,0.06,0.68,0.68,0.25
173,Movie_173,0.17,0.04,0.35,0.03,0.05,0.19,0.18,0.45,0.4,0.48
174,Movie_174,0.07,0.65,0.08,0.02,0.05,0.05,0.09,0.25,0.82,0.48
175,Movie_175,0.2,0.27,0.18,0.09,0.0,0.12,0.13,0.51,0.55,0.69
176,Movie_176,0.1,0.05,0.24,0.05,0.32,0.04,0.2,0.81,0.35,0.07
177,Movie_177,0.09,0.25,0.09,0.11,0.09,0.09,0.27,0.69,0.67,0.11
178,Movie_178,0.03,0.03,0.19,0.04,0.01,0.31,0.39,0.47,0.18,0.02
179,Movie_179,0.51,0.08,0.11,0.0,0.13,0.06,0.11,0.39,0.9,0.52
180,Movie_180,0.02,0.07,0.03,0.35,0.01,0.45,0.07,0.72,0.9,0.34
181,Movie_181,0.09,0.19,0.05,0.11,0.18,0.09,0.3,0.15,0.81,0.74
182,Movie_182,0.41,0.15,0.01,0.05,0.17,0.14,0.08,0.44,0.26,0.28
183,Movie_183,0.25,0.02,0.33,0.09,0.12,0.05,0.14,0.36,0.69,0.76
184,Movie_184,0.05,0.09,0.21,0.13,0.04,0.37,0.12,0.24,0.49,0.46
185,Movie_185,0.06,0.01,0.34,0.04,0.2,0.14,0.21,0.69,0.34,0.77
186,Movie_186,0.02,0.32,0.14,0.17,0.04,0.18,0.14,0.37,0.59,0.07
187,Movie_187,0.0,0.11,0.07,0.37,0.21,0.21,0.02,0.64,0.9,0.84
188,Movie_188,0.01,0.38,0.19,0.01,0.08,0.03,0.3,0.19,0.07,0.18
189,Movie_189,0.53,0.01,0.04,0.25,0.04,0.05,0.09,0.19,0.18,0.62
190,Movie_190,0.16,0.14,0.16,0.27,0.18,0.06,0.02,0.48,0.87,0.5
191,Movie_191,0.11,0.13,0.18,0.32,0.14,0.07,0.04,0.28,0.1,0.95
192,Movie_192,0.14,0.2,0.18,0.01,0.17,0.04,0.25,0.61,0.33,0.81
193,Movie_193,0.01,0.07,0.16,0.51,0.06,0.12,0.07,0.77,0.92,0.88
194,Movie_194,0.28,0.2,0.07,0.06,0.02,0.35,0.01,0.35,0.85,0.56
195,Movie_195,0.14,0.37,0.09,0.15,0.14,0.05,0.06,0.48,0.99,0.05
196,Movie_196,0.29,0.34,0.15,0.05,0.07,0.07,0.03,0.27,0.73,0.05
197,Movie_197,0.04,0.09,0.04,0.23,0.36,0.11,0.13,0.77,0.54,0.91
198,Movie_198,0.01,0.12,0.12,0.18,0.05,0.07,0.46,0.07,0.13,0.02
199,Movie_199,0.09,0.14,0.06,0.05,0.08,0.05,0.53,0.61,0.91,0.91
200,Movie_200,0.12,0.1,0.16,0.05,0.54,0.03,0.0,0.75,0.78,0.77
201,Movie_201,0.34,0.09,0.0,0.17,0.1,0.11,0.19,0.24,0.66,0.27
202,Movie_202,0.24,0.09,0.1,0.03,0.17,0.08,0.29,0.05,0.28,0.82
203,Movie_203,0.08,0.12,0.1,0.13,0.41,0.13,0.04,0.32,0.11,0.69
204,Movie_204,0.04,0.04,0.27,0.37,0.02,0.11,0.17,1.0,0.89,0.0
205,Movie_205,0.1,0.05,0.43,0.05,0.0,0.17,0.19,0.45,0.26,0.74
206,Movie_206,0.14,0.2,0.27,0.1,0.03,0.01,0.26,0.81,0.17,0.87
207,Movie_207,0.0,0.12,0.32,0.31,0.02,0.18,0.04,0.73,0.42,0.28
208,Movie_208,0.03,0.17,0.26,0.15,0.26,0.05,0.07,0.19,0.71,0.55
209,Movie_209,0.13,0.12,0.13,0.21,0.19,0.16,0.05,0.0,0.87,0.17
210,Movie_210,0.07,0.13,0.31,0.15,0.22,0.0,0.12,0.45,0.18,0.32
211,Movie_211,0.06,0.09,0.23,0.06,0.16,0.29,0.1,0.36,0.24,0.91
212,Movie_212,0.37,0.18,0.04,0.04,0.17,0.03,0.16,0.49,0.51,0.59
213,Movie_213,0.14,0.1,0.16,0.19,0.14,0.21,0.06,0.13,0.96,0.58
214,Movie_214,0.16,0.03,0.23,0.17,0.02,0.27,0.11,0.32,0.2,0.06
215,Movie_215,0.06,0.1,0.21,0.35,0.08,0.1,0.09,0.92,0.9,0.1
216,Movie_216,0.25,0.1,0.13,0.38,0.02,0.01,0.12,0.03,0.0,0.53
217,Movie_217,0.03,0.06,0.06,0.03,0.58,0.06,0.18,0.05,0.74,0.03
218,Movie_218,0.05,0.03,0.29,0.01,0.02,0.37,0.23,0.87,0.41,0.46
219,Movie_219,0.02,0.03,0.07,0.17,0.27,0.25,0.17,0.97,0.48,0.89
220,Movie_220,0.48,0.09,0.06,0.13,0.03,0.0,0.2,0.13,0.89,0.32
221,Movie_221,0.07,0.28,0.07,0.06,0.24,0.22,0.06,0.45,0.06,0.19
222,Movie_222,0.17,0.02,0.4,0.29,0.0,0.1,0.02,0.0,0.09,0.27
223,Movie_223,0.08,0.03,0.08,0.39,0.14,0.06,0.23,0.17,0.08,0.35
224,Movie_224,0.08,0.01,0.11,0.09,0.1,0.51,0.1,0.23,0.85,0.98
225,Movie_225,0.21,0.09,0.35,0.12,0.03,0.0,0.19,0.75,0.53,0.71
226,Movie_226,0.01,0.01,0.12,0.35,0.39,0.06,0.07,0.83,0.51,0.06
227,Movie_227,0.03,0.54,0.18,0.19,0.03,0.01,0.02,0.07,0.55,0.24
228,Movie_228,0.23,0.06,0.17,0.19,0.05,0.19,0.11,0.0,0.32,0.88
229,Movie_229,0.0,0.44,0.07,0.06,0.17,0.16,0.1,0.8,0.85,0.0
230,Movie_230,0.09,0.39,0.2,0.17,0.0,0.1,0.06,0.97,0.4,0.44
231,Movie_231,0.16,0.08,0.24,0.3,0.06,0.17,0.0,0.99,0.66,0.47
232,Movie_232,0.01,0.19,0.09,0.3,0.4,0.02,0.01,0.88,0.55,0.94
233,Movie_233,0.22,0.23,0.16,0.06,0.05,0.14,0.14,0.85,0.84,0.25
234,Movie_234,0.0,0.19,0.04,0.14,0.13,0.35,0.15,0.83,0.37,0.29
235,Movie_235,0.21,0.23,0.13,0.12,0.05,0.21,0.06,0.48,0.84,0.99
236,Movie_236,0.08,0.03,0.08,0.12,0.18,0.4,0.13,0.53,0.64,0.94
237,Movie_237,0.19,0.13,0.24,0.26,0.07,0.06,0.05,0.52,0.29,0.32
238,Movie_238,0.08,0.19,0.24,0.03,0.08,0.05,0.34,0.71,0.24,0.04
239,Movie_239,0.0,0.04,0.2,0.09,0.08,0.11,0.47,0.09,0.07,0.46
240,Movie_240,0.0,0.21,0.43,0.0,0.01,0.18,0.17,0.67,0.63,0.53
241,Movie_241,0.23,0.0,0.11,0.01,0.08,0.31,0.25,0.69,0.9,0.31
242,Movie_242,0.15,0.2,0.06,0.05,0.42,0.05,0.06,0.99,0.09,0.73
243,Movie_243,0.02,0.35,0.24,0.2,0.02,0.15,0.02,0.27,0.22,0.6
244,Movie_244,0.34,0.11,0.22,0.0,0.06,0.04,0.23,0.19,0.54,0.63
245,Movie_245,0.02,0.11,0.25,0.27,0.07,0.17,0.11,0.96,0.66,0.68
246,Movie_246,0.56,0.05,0.01,0.31,0.05,0.0,0.01,0.45,0.08,0.13
247,Movie_247,0.05,0.31,0.04,0.02,0.17,0.31,0.12,0.89,0.81,0.32
248,Movie_248,0.1,0.12,0.09,0.07,0.19,0.43,0.0,0.05,0.34,0.25
249,Movie_249,0.11,0.08,0.09,0.15,0.28,0.05,0.24,0.91,0.73,0.08
250,Movie_250,0.01,0.2,0.18,0.16,0.36,0.05,0.04,0.88,0.26,0.23
251,Movie_251,0.12,0.38,0.02,0.24,0.04,0.18,0.02,0.35,0.34,0.19
252,Movie_252,0.13,0.2,0.11,0.31,0.02,0.05,0.17,0.92,0.16,0.53
253,Movie_253,0.14,0.16,0.38,0.0,0.06,0.02,0.24,0.81,0.16,0.56
254,Movie_254,0.11,0.1,0.17,0.05,0.13,0.29,0.14,0.04,0.05,0.76
255,Movie_255,0.2,0.01,0.19,0.12,0.02,0.06,0.4,0.72,0.23,0.31
256,Movie_256,0.14,0.21,0.02,0.17,0.01,0.4,0.04,0.6,0.15,0.04
257,Movie_257,0.13,0.14,0.09,0.04,0.08,0.48,0.03,0.99,0.87,0.85
258,Movie_258,0.1,0.06,0.06,0.08,0.47,0.19,0.04,0.81,0.19,0.77
259,Movie_259,0.1,0.01,0.07,0.35,0.38,0.08,0.01,0.76,0.76,0.64
260,Movie_260,0.07,0.28,0.21,0.29,0.01,0.02,0.13,0.12,0.1,0.49
261,Movie_261,0.56,0.16,0.04,0.0,0.01,0.05,0.17,0.95,0.9,0.48
262,Movie_262,0.06,0.33,0.02,0.06,0.02,0.06,0.45,0.13,0.76,0.45
263,Movie_263,0.18,0.15,0.07,0.29,0.08,0.06,0.18,0.27,0.68,0.47
264,Movie_264,0.33,0.15,0.11,0.16,0.02,0.01,0.22,0.32,0.02,0.81
265,Movie_265,0.11,0.32,0.04,0.01,0.33,0.08,0.11,0.77,0.29,0.88
266,Movie_266,0.28,0.09,0.13,0.17,0.01,0.21,0.11,0.41,0.2,0.23
267,Movie_267,0.22,0.23,0.29,0.08,0.01,0.15,0.01,0.05,0.96,0.07
268,Movie_268,0.03,0.4,0.05,0.03,0.27,0.21,0.0,0.63,0.08,0.1
269,Movie_269,0.07,0.02,0.3,0.14,0.19,0.01,0.26,0.95,0.09,0.54
270,Movie_270,0.18,0.01,0.14,0.35,0.2,0.08,0.05,0.89,0.11,0.33
271,Movie_271,0.14,0.15,0.51,0.04,0.12,0.0,0.04,0.53,0.6,0.16
272,Movie_272,0.18,0.05,0.03,0.02,0.51,0.12,0.1,0.41,0.37,0.18
273,Movie_273,0.25,0.17,0.05,0.21,0.14,0.15,0.03,0.96,0.25,0.66
274,Movie_274,0.31,0.05,0.02,0.01,0.06,0.02,0.53,0.25,0.7,0.38
275,Movie_275,0.13,0.19,0.09,0.12,0.01,0.12,0.35,0.17,0.31,0.69
276,Movie_276,0.05,0.16,0.1,0.23,0.03,0.28,0.15,0.4,0.18,0.61
277,Movie_277,0.02,0.15,0.28,0.13,0.18,0.22,0.02,0.91,0.57,0.71
278,Movie_278,0.02,0.04,0.01,0.13,0.54,0.24,0.01,0.32,0.6,0.25
279,Movie_279,0.15,0.17,0.03,0.04,0.12,0.04,0.44,0.68,0.62,0.56
280,Movie_280,0.13,0.15,0.24,0.21,0.14,0.02,0.11,0.69,0.31,0.25
281,Movie_281,0.01,0.23,0.2,0.13,0.19,0.08,0.16,0.67,0.01,0.17
282,Movie_282,0.12,0.31,0.13,0.02,0.03,0.33,0.07,1.0,0.69,0.13
283,Movie_283,0.19,0.01,0.04,0.08,0.08,0.35,0.25,0.15,0.0,0.88
284,Movie_284,0.1,0.09,0.09,0.19,0.32,0.02,0.19,0.31,0.02,0.61
285,Movie_285,0.14,0.11,0.02,0.12,0.41,0.02,0.17,0.21,1.0,0.48
286,Movie_286,0.18,0.09,0.25,0.37,0.02,0.05,0.04,0.65,0.31,0.95
287,Movie_287,0.04,0.02,0.02,0.18,0.21,0.47,0.06,0.96,0.75,0.91
288,Movie_288,0.25,0.05,0.01,0.13,0.04,0.29,0.22,0.59,0.77,0.36
289,Movie_289,0.22,0.1,0.29,0.06,0.01,0.32,0.01,0.59,0.76,0.98
290,Movie_290,0.49,0.05,0.08,0.03,0.19,0.07,0.09,0.67,0.15,0.59
291,Movie_291,0.14,0.07,0.09,0.52,0.05,0.01,0.11,0.53,0.38,0.18
292,Movie_292,0.07,0.27,0.09,0.22,0.2,0.01,0.15,0.19,0.7,0.58
293,Movie_293,0.03,0.21,0.17,0.16,0.13,0.01,0.3,0.24,0.69,0.02
294,Movie_294,0.14,0.01,0.12,0.16,0.05,0.02,0.49,0.65,0.7,0.89
295,Movie_295,0.05,0.01,0.31,0.02,0.57,0.0,0.03,0.88,0.08,0.23
296,Movie_296,0.07,0.02,0.13,0.32,0.16,0.11,0.19,0.03,0.46,0.11
297,Movie_297,0.03,0.12,0.26,0.3,0.07,0.05,0.17,0.4,0.57,0.21
298,Movie_298,0.33,0.03,0.01,0.01,0.09,0.12,0.4,1.0,0.59,0.51
299,Movie_299,0.25,0.08,0.09,0.04,0.24,0.18,0.12,0.19,0.75,0.33
300,Movie_300,0.23,0.07,0.13,0.0,0.02,0.19,0.34,0.8,0.28,0.16
301,Movie_301,0.47,0.19,0.07,0.03,0.13,0.09,0.01,0.84,0.24,0.59
302,Movie_302,0.16,0.08,0.03,0.28,0.02,0.14,0.29,0.83,0.47,0.01
303,Movie_303,0.04,0.08,0.0,0.05,0.09,0.52,0.22,0.32,0.67,0.51
304,Movie_304,0.11,0.01,0.01,0.35,0.25,0.26,0.02,0.84,0.97,0.11
305,Movie_305,0.05,0.03,0.02,0.23,0.19,0.46,0.02,0.39,0.41,0.2
306,Movie_306,0.01,0.22,0.1,0.11,0.17,0.06,0.34,0.12,0.35,0.06
307,Movie_307,0.02,0.13,0.05,0.5,0.12,0.11,0.07,0.19,0.27,0.97
308,Movie_308,0.2,0.03,0.54,0.13,0.1,0.0,0.0,0.03,0.84,0.73
309,Movie_309,0.2,0.16,0.01,0.09,0.29,0.25,0.01,0.19,0.93,0.29
310,Movie_310,0.03,0.03,0.2,0.14,0.15,0.01,0.44,0.99,0.35,0.67
311,Movie_311,0.34,0.0,0.11,0.0,0.26,0.23,0.06,0.91,0.33,0.48
312,Movie_312,0.26,0.29,0.04,0.11,0.18,0.01,0.12,0.21,0.79,0.98
313,Movie_313,0.14,0.08,0.22,0.19,0.12,0.25,0.01,0.63,0.84,0.01
314,Movie_314,0.05,0.08,0.19,0.17,0.01,0.39,0.1,0.39,0.31,0.01
315,Movie_315,0.12,0.13,0.13,0.03,0.3,0.25,0.04,0.75,0.96,0.72
316,Movie_316,0.3,0.06,0.12,0.32,0.0,0.18,0.03,0.37,0.16,0.92
317,Movie_317,0.17,0.04,0.26,0.01,0.13,0.08,0.31,0.2,0.52,0.74
318,Movie_318,0.38,0.32,0.03,0.1,0.04,0.02,0.1,0.76,0.68,0.76
319,Movie_319,0.04,0.04,0.05,0.36,0.2,0.1,0.21,0.21,0.5,0.57
320,Movie_320,0.12,0.13,0.02,0.2,0.25,0.25,0.04,0.72,0.3,0.96
321,Movie_321,0.03,0.11,0.58,0.1,0.06,0.09,0.03,0.75,0.83,0.48
322,Movie_322,0.01,0.2,0.05,0.26,0.26,0.03,0.19,0.37,0.58,0.92
323,Movie_323,0.48,0.01,0.07,0.09,0.3,0.02,0.04,0.08,0.54,0.17
324,Movie_324,0.07,0.11,0.19,0.25,0.06,0.0,0.31,0.64,0.51,0.29
325,Movie_325,0.06,0.3,0.01,0.07,0.03,0.03,0.51,0.33,0.14,0.26
326,Movie_326,0.45,0.04,0.11,0.1,0.1,0.0,0.2,0.76,0.1,0.71
327,Movie_327,0.22,0.11,0.13,0.35,0.01,0.14,0.04,0.44,0.27,0.08
328,Movie_328,0.08,0.14,0.23,0.01,0.43,0.07,0.04,0.16,0.01,0.63
329,Movie_329,0.23,0.14,0.07,0.0,0.16,0.16,0.24,0.44,0.89,0.89
330,Movie_330,0.11,0.01,0.17,0.01,0.28,0.17,0.26,0.99,0.36,0.86
331,Movie_331,0.12,0.06,0.31,0.07,0.14,0.12,0.18,0.37,0.83,0.05
332,Movie_332,0.29,0.1,0.14,0.16,0.03,0.1,0.17,0.32,0.76,0.78
333,Movie_333,0.18,0.24,0.22,0.09,0.11,0.08,0.08,0.67,0.45,0.98
334,Movie_334,0.07,0.03,0.37,0.04,0.19,0.16,0.15,0.12,0.01,0.88
335,Movie_335,0.12,0.12,0.06,0.06,0.13,0.13,0.38,0.73,0.41,0.12
336,Movie_336,0.11,0.03,0.03,0.32,0.15,0.09,0.28,0.91,0.5,0.44
337,Movie_337,0.21,0.27,0.07,0.12,0.08,0.16,0.09,0.31,0.57,0.9
338,Movie_338,0.07,0.26,0.13,0.35,0.08,0.06,0.05,0.24,0.71,0.67
339,Movie_339,0.11,0.06,0.04,0.18,0.53,0.07,0.01,0.15,0.01,0.45
340,Movie_340,0.26,0.1,0.04,0.13,0.26,0.11,0.11,0.51,0.87,0.7
341,Movie_341,0.38,0.07,0.13,0.05,0.07,0.24,0.07,0.8,0.36,0.02
342,Movie_342,0.04,0.56,0.05,0.17,0.15,0.01,0.02,0.79,0.0,0.83
343,Movie_343,0.09,0.19,0.19,0.02,0.1,0.37,0.05,0.39,0.9,0.47
344,Movie_344,0.21,0.1,0.05,0.44,0.03,0.06,0.11,0.12,0.05,0.09
345,Movie_345,0.2,0.44,0.03,0.03,0.03,0.21,0.06,0.39,0.24,0.93
346,Movie_346,0.15,0.14,0.1,0.25,0.16,0.14,0.06,0.99,0.98,0.95
347,Movie_347,0.01,0.17,0.42,0.17,0.02,0.11,0.1,0.91,0.85,0.57
348,Movie_348,0.41,0.06,0.02,0.21,0.17,0.04,0.1,0.47,0.7,0.65
349,Movie_349,0.04,0.19,0.13,0.25,0.08,0.22,0.1,0.07,0.06,0.14
350,Movie_350,0.27,0.23,0.04,0.06,0.31,0.01,0.09,0.25,0.33,0.43
351,Movie_351,0.14,0.11,0.13,0.15,0.28,0.05,0.14,0.56,0.24,0.11
352,Movie_352,0.22,0.14,0.26,0.05,0.22,0.04,0.05,0.55,0.32,0.64
353,Movie_353,0.08,0.07,0.16,0.23,0.36,0.02,0.09,0.04,0.87,0.19
354,Movie_354,0.09,0.13,0.11,0.0,0.24,0.14,0.3,0.67,0.6,0.81
355,Movie_355,0.08,0.24,0.12,0.12,0.08,0.33,0.04,0.41,0.14,0.58
356,Movie_356,0.07,0.17,0.43,0.01,0.13,0.19,0.0,0.43,0.17,0.09
357,Movie_357,0.13,0.5,0.03,0.14,0.08,0.03,0.09,0.21,0.41,0.43
358,Movie_358,0.12,0.14,0.15,0.0,0.42,0.16,0.01,0.4,0.43,0.39
359,Movie_359,0.23,0.08,0.15,0.03,0.18,0.27,0.07,0.07,0.33,0.46
360,Movie_360,0.17,0.14,0.19,0.12,0.32,0.04,0.02,0.89,0.41,0.33
361,Movie_361,0.21,0.25,0.01,0.06,0.05,0.42,0.0,0.48,0.02,0.39
362,Movie_362,0.09,0.18,0.05,0.15,0.08,0.0,0.44,0.08,0.88,0.33
363,Movie_363,0.13,0.15,0.28,0.04,0.12,0.07,0.21,0.84,0.76,0.05
364,Movie_364,0.03,0.14,0.32,0.12,0.14,0.07,0.18,0.87,0.6,0.66
365,Movie_365,0.02,0.22,0.03,0.29,0.25,0.06,0.12,0.2,0.14,0.23
366,Movie_366,0.27,0.05,0.15,0.0,0.26,0.23,0.04,0.03,0.19,0.41
367,Movie_367,0.21,0.27,0.25,0.11,0.1,0.04,0.01,0.69,0.87,0.52
368,Movie_368,0.09,0.3,0.03,0.09,0.31,0.04,0.15,0.85,0.63,0.67
369,Movie_369,0.31,0.1,0.22,0.14,0.04,0.16,0.03,0.69,0.58,0.54
370,Movie_370,0.04,0.02,0.01,0.59,0.01,0.02,0.31,0.83,0.85,0.43
371,Movie_371,0.54,0.09,0.09,0.09,0.02,0.05,0.12,0.59,0.56,0.09
372,Movie_372,0.07,0.12,0.01,0.38,0.17,0.24,0.01,0.09,0.26,0.16
373,Movie_373,0.02,0.05,0.36,0.05,0.2,0.06,0.27,0.6,0.28,0.9
374,Movie_374,0.15,0.01,0.0,0.1,0.65,0.05,0.04,0.01,0.72,0.22
375,Movie_375,0.58,0.0,0.0,0.0,0.2,0.03,0.19,0.92,0.75,0.64
376,Movie_376,0.25,0.01,0.02,0.26,0.19,0.07,0.21,0.45,0.32,0.73
377,Movie_377,0.01,0.05,0.11,0.03,0.15,0.59,0.07,0.51,0.6,0.78
378,Movie_378,0.17,0.01,0.21,0.19,0.06,0.25,0.11,0.27,0.69,0.61
379,Movie_379,0.14,0.19,0.09,0.0,0.29,0.04,0.25,0.29,0.17,0.4
380,Movie_380,0.09,0.03,0.24,0.31,0.09,0.14,0.1,0.81,0.87,0.23
381,Movie_381,0.19,0.02,0.33,0.27,0.03,0.07,0.09,0.53,0.59,0.49
382,Movie_382,0.01,0.24,0.02,0.01,0.62,0.06,0.04,0.85,0.5,0.9
383,Movie_383,0.07,0.08,0.05,0.27,0.34,0.01,0.17,0.72,0.4,0.31
384,Movie_384,0.18,0.23,0.08,0.23,0.05,0.07,0.16,0.91,0.82,0.78
385,Movie_385,0.1,0.23,0.19,0.06,0.12,0.2,0.09,0.85,0.18,0.18
386,Movie_386,0.39,0.15,0.02,0.01,0.14,0.21,0.09,0.16,0.05,0.64
387,Movie_387,0.39,0.01,0.15,0.16,0.11,0.14,0.04,0.36,0.16,0.66
388,Movie_388,0.03,0.07,0.02,0.15,0.4,0.1,0.24,0.75,0.0,0.57
389,Movie_389,0.04,0.18,0.07,0.17,0.12,0.09,0.32,0.29,0.69,0.07
390,Movie_390,0.19,0.36,0.25,0.08,0.01,0.09,0.02,0.28,0.24,0.16
391,Movie_391,0.01,0.0,0.59,0.21,0.07,0.06,0.06,0.56,0.11,0.02
392,Movie_392,0.06,0.42,0.02,0.11,0.03,0.21,0.16,0.01,0.59,0.73
393,Movie_393,0.01,0.19,0.03,0.02,0.54,0.17,0.04,0.25,0.6,0.38
394,Movie_394,0.51,0.05,0.26,0.1,0.0,0.05,0.04,0.97,0.27,0.41
395,Movie_395,0.17,0.1,0.29,0.16,0.09,0.07,0.12,0.83,0.44,0.96
396,Movie_396,0.34,0.1,0.05,0.07,0.06,0.26,0.11,0.13,0.97,0.82
397,Movie_397,0.03,0.14,0.06,0.08,0.46,0.04,0.19,0.11,0.86,0.16
398,Movie_398,0.28,0.05,0.01,0.05,0.42,0.09,0.09,0.47,0.21,0.83
399,Movie_399,0.29,0.01,0.02,0.26,0.09,0.15,0.17,0.27,0.51,0.77
400,Movie_400,0.33,0.02,0.17,0.13,0.1,0.01,0.24,0.59,0.59,0.96
401,Movie_401,0.05,0.42,0.17,0.02,0.05,0.24,0.05,0.49,0.08,0.01
402,Movie_402,0.02,0.06,0.22,0.06,0.29,0.05,0.31,0.27,0.74,0.87
403,Movie_403,0.06,0.04,0.71,0.01,0.1,0.01,0.07,0.23,0.26,0.67
404,Movie_404,0.37,0.17,0.06,0.16,0.13,0.0,0.1,0.03,0.48,0.16
405,Movie_405,0.25,0.09,0.25,0.06,0.18,0.07,0.1,0.57,0.85,0.48
406,Movie_406,0.09,0.13,0.48,0.08,0.04,0.07,0.11,0.8,0.73,0.54
407,Movie_407,0.11,0.33,0.05,0.01,0.15,0.0,0.34,0.63,0.62,0.41
408,Movie_408,0.23,0.02,0.03,0.26,0.16,0.14,0.15,0.53,0.86,0.52
409,Movie_409,0.42,0.06,0.16,0.01,0.25,0.03,0.08,0.43,0.72,0.19
410,Movie_410,0.05,0.07,0.5,0.19,0.0,0.18,0.01,0.87,0.21,0.27
411,Movie_411,0.04,0.08,0.07,0.09,0.45,0.02,0.24,0.59,0.09,0.03
412,Movie_412,0.18,0.35,0.03,0.33,0.01,0.03,0.07,0.35,0.21,0.22
413,Movie_413,0.24,0.25,0.17,0.08,0.19,0.06,0.0,0.76,0.62,0.33
414,Movie_414,0.22,0.15,0.05,0.3,0.1,0.17,0.01,0.91,0.86,0.82
415,Movie_415,0.09,0.11,0.24,0.11,0.07,0.2,0.19,0.71,0.36,0.16
416,Movie_416,0.09,0.05,0.03,0.08,0.37,0.1,0.28,0.24,0.31,0.97
417,Movie_417,0.03,0.25,0.01,0.04,0.3,0.05,0.32,0.15,0.71,0.23
418,Movie_418,0.28,0.15,0.09,0.21,0.18,0.05,0.02,0.0,0.39,0.54
419,Movie_419,0.05,0.01,0.26,0.3,0.01,0.09,0.28,0.92,0.01,0.99
420,Movie_420,0.01,0.06,0.17,0.49,0.12,0.02,0.13,0.24,0.63,0.01
421,Movie_421,0.11,0.26,0.07,0.14,0.27,0.04,0.12,0.92,0.18,0.25
422,Movie_422,0.42,0.33,0.0,0.03,0.18,0.04,0.0,0.72,0.79,0.88
423,Movie_423,0.03,0.17,0.53,0.06,0.12,0.08,0.0,0.28,0.48,0.65
424,Movie_424,0.21,0.05,0.31,0.08,0.04,0.01,0.3,0.09,0.08,0.62
425,Movie_425,0.09,0.02,0.09,0.43,0.11,0.15,0.12,0.44,0.16,0.62
426,Movie_426,0.05,0.15,0.21,0.16,0.13,0.11,0.2,0.84,0.25,0.5
427,Movie_427,0.04,0.06,0.05,0.16,0.06,0.59,0.05,0.51,0.28,0.88
428,Movie_428,0.23,0.09,0.18,0.21,0.18,0.09,0.02,0.19,0.1,0.56
429,Movie_429,0.27,0.26,0.09,0.02,0.29,0.03,0.03,0.28,0.59,0.23
430,Movie_430,0.01,0.09,0.18,0.17,0.09,0.43,0.02,0.85,0.61,0.97
431,Movie_431,0.22,0.39,0.05,0.07,0.05,0.05,0.17,0.53,0.88,0.48
432,Movie_432,0.04,0.54,0.14,0.15,0.03,0.02,0.08,0.55,0.24,0.34
433,Movie_433,0.14,0.05,0.42,0.0,0.02,0.03,0.33,0.89,0.08,0.75
434,Movie_434,0.17,0.1,0.01,0.21,0.21,0.16,0.15,0.04,0.13,0.42
435,Movie_435,0.3,0.18,0.0,0.11,0.12,0.14,0.16,0.92,0.6,0.87
436,Movie_436,0.25,0.02,0.13,0.29,0.17,0.07,0.06,0.24,0.15,0.25
437,Movie_437,0.01,0.3,0.14,0.07,0.35,0.05,0.09,0.37,0.12,0.99
438,Movie_438,0.0,0.16,0.1,0.05,0.34,0.12,0.22,0.11,0.78,0.15
439,Movie_439,0.05,0.14,0.2,0.33,0.17,0.05,0.06,0.01,0.03,0.28
440,Movie_440,0.01,0.03,0.22,0.06,0.47,0.1,0.12,0.97,0.5,0.06
441,Movie_441,0.06,0.22,0.17,0.12,0.28,0.03,0.12,0.23,0.02,0.21
442,Movie_442,0.07,0.09,0.1,0.11,0.03,0.38,0.22,0.65,0.9,0.24
443,Movie_443,0.29,0.04,0.14,0.3,0.16,0.06,0.01,0.97,0.65,0.92
444,Movie_444,0.24,0.04,0.02,0.14,0.15,0.18,0.23,0.51,0.25,0.04
445,Movie_445,0.38,0.01,0.09,0.02,0.13,0.17,0.19,0.25,0.17,0.47
446,Movie_446,0.03,0.54,0.03,0.15,0.2,0.04,0.0,0.88,0.28,0.77
447,Movie_447,0.29,0.06,0.45,0.08,0.05,0.05,0.01,0.8,0.43,0.48
448,Movie_448,0.27,0.13,0.21,0.29,0.02,0.02,0.07,0.36,0.57,0.83
449,Movie_449,0.05,0.29,0.04,0.38,0.08,0.01,0.15,0.84,0.95,0.67
450,Movie_450,0.07,0.51,0.2,0.01,0.03,0.12,0.05,0.87,0.54,0.41
451,Movie_451,0.04,0.41,0.12,0.09,0.21,0.11,0.02,0.24,0.48,0.54
452,Movie_452,0.31,0.08,0.33,0.0,0.11,0.05,0.12,0.56,0.53,0.46
453,Movie_453,0.19,0.24,0.11,0.03,0.17,0.25,0.01,0.87,0.59,0.0
454,Movie_454,0.01,0.29,0.13,0.32,0.04,0.14,0.06,0.67,0.9,0.57
455,Movie_455,0.29,0.09,0.06,0.43,0.01,0.12,0.01,0.73,0.91,0.34
456,Movie_456,0.05,0.49,0.08,0.07,0.22,0.03,0.07,0.43,0.03,0.0
457,Movie_457,0.12,0.29,0.0,0.19,0.28,0.01,0.11,0.16,0.86,0.99
458,Movie_458,0.02,0.4,0.03,0.17,0.07,0.16,0.16,0.04,0.01,0.12
459,Movie_459,0.0,0.43,0.1,0.16,0.07,0.22,0.0,0.8,0.58,0.52
460,Movie_460,0.13,0.06,0.06,0.03,0.15,0.23,0.34,0.28,0.46,0.77
461,Movie_461,0.24,0.12,0.03,0.28,0.09,0.02,0.22,0.2,0.7,0.37
462,Movie_462,0.14,0.01,0.12,0.08,0.04,0.11,0.5,0.84,0.02,0.74
463,Movie_463,0.13,0.02,0.09,0.19,0.04,0.04,0.49,0.92,0.88,0.76
464,Movie_464,0.14,0.19,0.14,0.18,0.16,0.06,0.11,0.33,0.08,0.14
465,Movie_465,0.06,0.18,0.55,0.04,0.07,0.05,0.04,0.04,0.23,0.03
466,Movie_466,0.08,0.09,0.25,0.22,0.12,0.0,0.24,0.49,0.96,0.02
467,Movie_467,0.12,0.35,0.09,0.24,0.01,0.17,0.02,0.99,0.51,0.45
468,Movie_468,0.04,0.39,0.19,0.01,0.2,0.15,0.01,0.09,0.53,0.24
469,Movie_469,0.01,0.55,0.04,0.13,0.07,0.09,0.11,0.68,0.57,0.1
470,Movie_470,0.46,0.01,0.03,0.15,0.03,0.04,0.29,0.95,0.52,0.16
471,Movie_471,0.04,0.22,0.01,0.29,0.11,0.15,0.17,0.07,0.1,0.84
472,Movie_472,0.5,0.11,0.11,0.02,0.07,0.15,0.05,0.85,0.5,0.57
473,Movie_473,0.07,0.01,0.02,0.14,0.15,0.57,0.05,0.61,0.78,0.68
474,Movie_474,0.08,0.08,0.34,0.13,0.12,0.24,0.01,0.97,0.9,0.87
475,Movie_475,0.16,0.0,0.65,0.01,0.13,0.04,0.02,0.72,0.47,0.89
476,Movie_476,0.1,0.45,0.0,0.07,0.27,0.02,0.09,0.6,0.86,0.14
477,Movie_477,0.36,0.09,0.07,0.43,0.04,0.0,0.01,0.45,0.17,0.82
478,Movie_478,0.15,0.09,0.06,0.31,0.13,0.07,0.19,0.83,0.73,0.7
479,Movie_479,0.3,0.22,0.08,0.03,0.2,0.07,0.09,0.87,0.66,0.0
480,Movie_480,0.01,0.05,0.54,0.31,0.0,0.07,0.01,0.29,0.13,0.28
481,Movie_481,0.34,0.08,0.1,0.23,0.0,0.13,0.12,0.13,0.22,0.18
482,Movie_482,0.2,0.42,0.08,0.04,0.07,0.03,0.16,0.68,0.15,0.71
483,Movie_483,0.08,0.06,0.05,0.01,0.05,0.09,0.66,0.83,0.69,0.66
484,Movie_484,0.27,0.03,0.19,0.02,0.32,0.09,0.08,0.92,0.44,0.33
485,Movie_485,0.02,0.62,0.01,0.09,0.2,0.04,0.03,0.51,0.97,1.0
486,Movie_486,0.25,0.16,0.08,0.09,0.18,0.08,0.16,0.92,0.5,0.08
487,Movie_487,0.5,0.14,0.06,0.15,0.07,0.0,0.08,0.59,0.29,0.27
488,Movie_488,0.06,0.06,0.02,0.22,0.11,0.4,0.13,0.41,0.13,0.48
489,Movie_489,0.29,0.18,0.17,0.11,0.11,0.13,0.01,0.71,0.02,0.66
490,Movie_490,0.02,0.1,0.03,0.22,0.28,0.02,0.33,0.76,0.33,0.99
491,Movie_491,0.38,0.03,0.16,0.17,0.03,0.1,0.13,0.69,0.92,0.71
492,Movie_492,0.31,0.15,0.03,0.21,0.06,0.17,0.05,0.85,0.77,0.83
493,Movie_493,0.24,0.05,0.06,0.02,0.43,0.04,0.16,0.83,0.72,0.82
494,Movie_494,0.02,0.04,0.04,0.38,0.25,0.05,0.22,0.65,0.43,0.74
495,Movie_495,0.02,0.06,0.42,0.06,0.06,0.12,0.25,0.71,0.59,0.51
496,Movie_496,0.44,0.21,0.01,0.19,0.01,0.11,0.02,0.83,0.46,0.63
497,Movie_497,0.08,0.05,0.64,0.03,0.07,0.1,0.05,0.64,0.46,0.41
498,Movie_498,0.06,0.04,0.16,0.08,0.15,0.05,0.47,0.11,0.48,0.62
499,Movie_499,0.24,0.35,0.12,0.06,0.02,0.04,0.17,0.25,0.64,0.21
